City_ID,City,Country,Date,Lat,Lng,Max Temp,Humidity,Cloudiness,Wind Speed
0,Qaanaaq,GL,2020-11-04 05:22:09,77.48,-69.36,-2.88,78,74,2.71
1,Vila Velha,BR,2020-11-04 05:22:09,-20.33,-40.29,69.01,82,75,3.36
2,Punta Arenas,CL,2020-11-04 05:19:21,-53.15,-70.92,44.6,93,90,9.17
3,Saldanha,ZA,2020-11-04 05:22:09,-33.01,17.94,60.8,87,15,5.82
4,Mahebourg,MU,2020-11-04 05:22:10,-20.41,57.7,77.0,53,75,16.11
5,Primorsko,BG,2020-11-04 05:22:10,42.27,27.77,50.0,76,20,8.05
6,Lebu,CL,2020-11-04 05:22:10,-37.62,-73.65,53.24,82,86,2.82
7,Jamestown,US,2020-11-04 05:19:26,42.1,-79.24,44.01,69,1,8.05
8,Vaini,TO,2020-11-04 05:19:24,-21.2,-175.2,78.8,78,75,13.87
9,Hilo,US,2020-11-04 05:20:47,19.73,-155.09,80.6,74,90,5.82
10,Lata,PT,2020-11-04 05:22:10,40.16,-8.33,52.0,84,0,1.01
11,Henties Bay,NA,2020-11-04 05:21:09,-22.12,14.28,55.99,93,0,6.31
12,Beloha,MG,2020-11-04 05:22:11,-25.17,45.05,84.0,42,0,7.05
13,Sao Filipe,CV,2020-11-04 05:20:25,14.9,-24.5,77.68,75,91,4.88
14,Pevek,RU,2020-11-04 05:22:11,69.7,170.31,-1.91,88,19,10.07
15,Tsiroanomandidy,MG,2020-11-04 05:22:11,-18.77,46.03,78.35,43,87,5.59
16,Hamilton,US,2020-11-04 05:22:11,39.18,-84.53,50.0,57,1,9.17
17,Castro,BR,2020-11-04 05:22:12,-24.79,-50.01,52.92,93,69,6.2
18,Fairbanks,US,2020-11-04 05:17:19,64.84,-147.72,-20.2,75,20,0.83
19,Faya,SA,2020-11-04 05:22:12,18.39,42.45,60.8,87,20,2.77
20,Punta Alta,AR,2020-11-04 05:22:12,-38.88,-62.07,64.67,70,100,15.23
21,Bilibino,RU,2020-11-04 05:22:12,68.05,166.44,-12.24,78,12,3.56
22,New Norfolk,AU,2020-11-04 05:22:12,-42.78,147.06,68.0,34,0,21.92
23,Durban,ZA,2020-11-04 05:22:12,-29.86,31.03,73.99,94,75,3.36
24,Osa,RU,2020-11-04 05:22:12,57.28,55.46,32.72,93,11,7.16
25,Mataura,NZ,2020-11-04 05:19:22,-46.19,168.86,63.0,76,30,10.0
26,Kargat,RU,2020-11-04 05:22:13,55.2,80.28,29.88,92,100,13.73
27,Ushuaia,AR,2020-11-04 05:22:13,-54.8,-68.3,48.2,57,75,14.99
28,Port Augusta,AU,2020-11-04 05:22:13,-32.5,137.77,64.0,82,90,13.87
29,Bredasdorp,ZA,2020-11-04 05:22:14,-34.53,20.04,66.2,93,47,6.93
30,Port Alfred,ZA,2020-11-04 05:19:30,-33.59,26.89,69.33,82,97,7.99
31,Bambanglipuro,ID,2020-11-04 05:22:14,-7.95,110.28,86.56,60,32,10.67
32,Bardiyah,LY,2020-11-04 05:22:14,31.76,25.09,65.17,81,12,15.84
33,Saint-Philippe,RE,2020-11-04 05:22:14,-21.36,55.77,77.0,50,0,16.11
34,Nikolskoye,RU,2020-11-04 05:22:14,59.7,30.79,45.0,93,0,6.71
35,Vardo,NO,2020-11-04 05:22:14,70.37,31.11,37.4,72,0,12.75
36,Arraial Do Cabo,BR,2020-11-04 05:22:15,-22.97,-42.03,66.47,91,100,18.99
37,Poum,NC,2020-11-04 05:22:15,-20.23,164.02,76.77,81,100,12.68
38,Matagami,CA,2020-11-04 05:22:15,49.75,-77.63,23.0,92,90,10.29
39,Nicoya,CR,2020-11-04 05:22:15,10.15,-85.45,73.22,95,100,2.84
40,San Francisco,US,2020-11-04 05:21:10,37.77,-122.42,55.99,87,20,14.99
41,Kavieng,PG,2020-11-04 05:20:06,-2.57,150.8,85.6,70,100,6.11
42,Tiksi,RU,2020-11-04 05:19:41,71.69,128.87,5.99,95,100,5.08
43,Mogadishu,SO,2020-11-04 05:17:34,2.04,45.34,73.4,69,75,8.16
44,Torbay,CA,2020-11-04 05:22:16,47.67,-52.73,44.01,100,90,25.28
45,Partapur,IN,2020-11-04 05:22:16,23.6,74.17,83.53,21,0,3.67
46,Noumea,NC,2020-11-04 05:21:53,-22.28,166.46,77.0,73,75,3.36
47,Kawalu,ID,2020-11-04 05:20:58,-7.38,108.21,90.18,46,48,4.65
48,Nemuro,JP,2020-11-04 05:22:16,43.32,145.57,42.8,52,40,5.82
49,Kapaa,US,2020-11-04 05:22:16,22.08,-159.32,78.8,88,90,9.17
50,Klisura,BG,2020-11-04 05:22:16,42.7,24.45,53.01,10,100,2.59
51,Rivne,UA,2020-11-04 05:22:16,50.62,26.23,42.8,100,90,2.24
52,Atuona,PF,2020-11-04 05:19:31,-9.8,-139.03,78.28,77,22,19.35
53,Hermanus,ZA,2020-11-04 05:22:17,-34.42,19.23,69.01,84,72,3.0
54,Upernavik,GL,2020-11-04 05:18:06,72.79,-56.15,20.19,97,100,10.54
55,Changping,CN,2020-11-04 05:22:17,40.22,116.22,60.01,22,0,4.47
56,Albany,US,2020-11-04 05:22:17,42.6,-73.97,34.0,77,6,2.21
57,Bethel,US,2020-11-04 05:19:27,41.37,-73.41,34.0,74,75,3.56
58,Usinsk,RU,2020-11-04 05:22:18,65.99,57.53,40.68,92,100,20.6
59,Nelson Bay,AU,2020-11-04 05:22:18,-32.72,152.15,78.8,36,0,11.41
60,Kenai,US,2020-11-04 05:17:50,60.55,-151.26,15.8,47,1,3.36
61,Lavumisa,SZ,2020-11-04 05:22:18,-27.31,31.89,69.8,83,78,1.12
62,Rocha,UY,2020-11-04 05:22:18,-34.48,-54.33,48.11,88,0,3.89
63,Ketchikan,US,2020-11-04 05:22:19,55.34,-131.65,39.2,93,75,3.36
64,Busselton,AU,2020-11-04 05:19:30,-33.65,115.33,73.0,32,68,4.9
65,Charleston,US,2020-11-04 05:22:09,32.78,-79.93,46.4,93,1,0.25
66,Pak Kret,TH,2020-11-04 05:17:35,13.91,100.5,91.99,62,20,5.82
67,Coihaique,CL,2020-11-04 05:22:19,-45.58,-72.07,50.0,76,0,3.36
68,Barrow,US,2020-11-04 05:18:25,71.29,-156.79,15.8,78,90,16.11
69,Cuamba,MZ,2020-11-04 05:22:19,-14.8,36.54,78.01,49,7,8.25
70,Puerto Escondido,MX,2020-11-04 05:22:20,15.85,-97.07,77.0,73,5,5.82
71,Cidreira,BR,2020-11-04 05:22:20,-30.18,-50.21,59.58,80,2,9.57
72,Ongandjera,NA,2020-11-04 05:22:20,-17.88,15.07,70.21,29,0,4.85
73,Saint George,US,2020-11-04 05:22:20,37.1,-113.58,64.0,33,1,9.17
74,Port Lincoln,AU,2020-11-04 05:22:20,-34.73,135.87,60.13,61,85,19.46
75,Krasnovishersk,RU,2020-11-04 05:22:20,60.41,57.08,30.0,95,51,8.52
76,Tuktoyaktuk,CA,2020-11-04 05:22:20,69.45,-133.04,12.2,85,90,14.99
77,Padang,ID,2020-11-04 05:22:20,-0.95,100.35,84.45,58,100,2.86
78,Totma,RU,2020-11-04 05:22:21,59.97,42.76,43.5,91,100,9.06
79,Katsuura,JP,2020-11-04 05:22:21,35.13,140.3,64.99,39,20,8.05
80,Fortuna,US,2020-11-04 05:22:21,40.6,-124.16,55.0,100,90,3.6
81,Stonewall,CA,2020-11-04 05:22:21,50.13,-97.33,39.2,80,5,3.91
82,Terrace,CA,2020-11-04 05:17:25,54.52,-128.6,39.2,93,75,5.82
83,Luancheng,CN,2020-11-04 05:22:21,37.88,114.65,57.2,28,0,4.47
84,Te Anau,NZ,2020-11-04 05:22:22,-45.42,167.72,64.58,68,62,6.33
85,Kodiak,US,2020-11-04 05:22:22,57.79,-152.41,26.6,45,1,14.99
86,Kaeo,NZ,2020-11-04 05:22:22,-35.1,173.78,68.0,89,100,10.0
87,Butaritari,KI,2020-11-04 05:22:22,3.07,172.79,81.63,72,91,15.95
88,La Ronge,CA,2020-11-04 05:22:22,55.1,-105.28,39.2,86,100,2.24
89,Maraa,BR,2020-11-04 05:22:23,-1.83,-65.37,74.46,96,82,1.12
90,Laje,BR,2020-11-04 05:22:23,-10.18,-40.97,69.51,88,99,5.75
91,Saint-Pierre,RE,2020-11-04 05:22:23,-21.34,55.48,77.0,50,0,16.11
92,Cape Town,ZA,2020-11-04 05:17:46,-33.93,18.42,68.0,72,0,10.29
93,Rio Gallegos,AR,2020-11-04 05:21:28,-51.62,-69.22,44.6,93,90,10.29
94,Thinadhoo,MV,2020-11-04 05:22:24,0.53,72.93,83.41,69,82,5.99
95,Rikitea,PF,2020-11-04 05:19:19,-23.12,-134.97,72.9,81,25,18.88
96,Nanortalik,GL,2020-11-04 05:22:25,60.14,-45.24,35.8,89,100,19.62
97,Mitsamiouli,KM,2020-11-04 05:22:26,-11.38,43.28,78.42,69,42,8.79
98,Kirakira,SB,2020-11-04 05:22:26,-10.45,161.92,84.13,71,100,5.28
99,Havre-Saint-Pierre,CA,2020-11-04 05:20:16,50.23,-63.6,15.8,72,1,8.05
100,Airai,TL,2020-11-04 05:19:25,-8.93,125.41,81.57,38,81,6.29
101,San Cristobal,VE,2020-11-04 05:22:26,7.77,-72.22,67.32,93,99,1.81
102,Platteville,US,2020-11-04 05:21:08,42.73,-90.48,55.99,76,1,10.29
103,Chokurdakh,RU,2020-11-04 05:22:26,70.63,147.92,-17.18,81,0,2.8
104,Isangel,VU,2020-11-04 05:22:26,-19.55,169.27,75.45,83,100,9.55
105,Kruisfontein,ZA,2020-11-04 05:19:54,-34.0,24.73,69.01,86,100,1.99
106,Grand-Lahou,CI,2020-11-04 05:22:27,5.14,-5.02,78.24,87,3,5.21
107,Thompson,CA,2020-11-04 05:22:27,55.74,-97.86,23.0,100,90,3.47
108,Yellowknife,CA,2020-11-04 05:22:27,62.46,-114.35,6.8,84,90,10.29
109,Norman Wells,CA,2020-11-04 05:19:23,65.28,-126.83,-0.4,84,75,3.36
110,Dunedin,NZ,2020-11-04 05:19:49,-45.87,170.5,64.99,67,3,13.47
111,Codrington,AU,2020-11-04 05:19:51,-38.27,141.97,54.84,83,86,14.85
112,Colomi,BO,2020-11-04 05:22:27,-17.35,-65.87,60.8,44,20,6.93
113,Bengkulu,ID,2020-11-04 05:22:28,-3.8,102.27,83.86,68,62,6.73
114,Marzuq,YE,2020-11-04 05:22:28,14.4,46.47,69.49,21,0,2.53
115,Ormara,PK,2020-11-04 05:22:28,25.21,64.64,76.75,30,0,3.04
116,Half Moon Bay,US,2020-11-04 05:17:45,37.46,-122.43,55.4,100,90,8.05
117,Takoradi,GH,2020-11-04 05:22:28,4.88,-1.76,78.12,87,65,5.39
118,Hobart,AU,2020-11-04 05:17:47,-42.88,147.33,68.0,34,0,21.92
119,Cherskiy,RU,2020-11-04 05:19:42,68.75,161.3,-5.58,84,0,5.77
120,Wanning,CN,2020-11-04 05:20:01,18.8,110.4,77.36,74,83,18.54
121,Geraldton,AU,2020-11-04 05:22:29,-28.77,114.6,82.4,37,21,17.22
122,Envira,BR,2020-11-04 05:22:29,-7.3,-70.22,74.93,78,59,2.57
123,Vao,NC,2020-11-04 05:22:29,-22.67,167.48,74.17,87,100,9.15
124,Victoria,HK,2020-11-04 05:22:29,22.29,114.16,80.01,60,1,4.0
125,Port Elizabeth,ZA,2020-11-04 05:19:30,-33.92,25.57,66.2,93,75,8.05
126,Clyde River,CA,2020-11-04 05:22:29,70.47,-68.59,3.2,77,40,14.99
127,Yar-Sale,RU,2020-11-04 05:22:30,66.83,70.83,24.39,98,96,1.72
128,Salalah,OM,2020-11-04 05:22:30,17.02,54.09,80.6,51,0,2.24
129,Baruun-Urt,MN,2020-11-04 05:22:30,46.68,113.28,36.7,62,0,5.55
130,Muli,MV,2020-11-04 05:22:30,2.92,73.57,83.21,67,67,3.87
131,Basco,PH,2020-11-04 05:22:31,20.45,121.97,77.54,74,100,29.15
132,Yulara,AU,2020-11-04 05:22:31,-25.24,130.99,95.0,20,50,6.93
133,Huambo,AO,2020-11-04 05:22:31,-12.78,15.74,62.26,87,72,2.13
134,Christchurch,NZ,2020-11-04 05:22:31,-43.53,172.63,69.01,64,1,11.41
135,Shu,KZ,2020-11-04 05:22:31,43.6,73.76,50.72,41,68,1.05
136,Rio Grande,BR,2020-11-04 05:22:31,-32.03,-52.1,55.0,93,12,1.01
137,Storforshei,NO,2020-11-04 05:22:31,66.4,14.52,41.0,93,75,8.05
138,Manokwari,ID,2020-11-04 05:22:31,-0.87,134.08,82.99,72,94,3.98
139,Lorengau,PG,2020-11-04 05:22:31,-2.02,147.27,84.92,72,83,4.56
140,Zhigansk,RU,2020-11-04 05:22:32,66.77,123.37,-0.6,90,6,6.38
141,Gotsu,JP,2020-11-04 05:22:33,35.0,132.22,55.4,54,40,8.05
142,Bonfim,BR,2020-11-04 05:22:33,3.08,-59.95,78.67,77,6,3.69
143,Saskylakh,RU,2020-11-04 05:22:33,71.92,114.08,-4.05,91,98,3.49
144,Inhambane,MZ,2020-11-04 05:22:33,-23.86,35.38,78.8,74,20,9.17
145,Kaliua,TZ,2020-11-04 05:22:33,-5.06,31.79,75.96,48,61,9.01
146,Rockport,US,2020-11-04 05:22:34,28.02,-97.05,66.99,82,1,5.82
147,Joshimath,IN,2020-11-04 05:19:09,30.57,79.57,58.86,28,0,6.24
148,Altamont,US,2020-11-04 05:22:34,42.21,-121.74,48.0,44,1,4.7
149,Talnakh,RU,2020-11-04 05:22:34,69.49,88.4,-9.4,83,0,4.47
150,Guadalupe Y Calvo,MX,2020-11-04 05:21:09,26.1,-106.97,48.4,52,0,5.48
151,Georgetown,MY,2020-11-04 05:21:17,5.41,100.34,84.2,74,20,3.36
152,Asau,RO,2020-11-04 05:22:35,46.43,26.4,45.0,97,95,2.46
153,Bluff,NZ,2020-11-04 05:19:31,-46.6,168.33,63.0,76,28,10.0
154,Honiara,SB,2020-11-04 05:18:32,-9.43,159.95,87.8,66,75,6.93
155,Hasaki,JP,2020-11-04 05:19:59,35.73,140.83,68.0,33,20,10.29
156,Laguna,US,2020-11-04 05:22:36,38.42,-121.42,55.99,58,1,4.7
157,Nouadhibou,MR,2020-11-04 05:22:36,20.93,-17.03,66.2,68,0,12.75
158,Kaitangata,NZ,2020-11-04 05:22:36,-46.28,169.85,63.0,73,4,11.01
159,Mar Del Plata,AR,2020-11-04 05:18:12,-38.0,-57.56,60.01,87,75,13.87
160,Tazovskiy,RU,2020-11-04 05:22:36,67.47,78.7,6.87,96,100,9.91
161,Khandyga,RU,2020-11-04 05:22:37,62.67,135.6,-3.5,83,79,0.34
162,Lesnyye Polyany,RU,2020-11-04 05:22:37,55.97,37.87,46.4,93,40,8.95
163,Fort Nelson,CA,2020-11-04 05:22:37,58.81,-122.7,10.4,92,90,5.82
164,Bereda,ES,2020-11-04 05:22:37,43.27,-7.54,41.0,100,14,1.01
165,Provideniya,RU,2020-11-04 05:22:37,64.38,-173.3,19.08,87,20,7.65
166,Ixtapa,MX,2020-11-04 05:22:38,20.7,-105.2,77.0,73,5,3.11
167,Los Llanos De Aridane,ES,2020-11-04 05:22:38,28.66,-17.92,71.6,83,75,18.34
168,Ostrovnoy,RU,2020-11-04 05:22:38,68.05,39.51,36.41,87,20,14.74
169,Biak,ID,2020-11-04 05:22:38,-0.91,122.88,83.25,68,98,3.74
170,Darnah,LY,2020-11-04 05:22:38,32.77,22.64,68.49,70,64,15.88
171,Porosozero,RU,2020-11-04 05:22:38,62.72,32.73,42.82,87,78,9.78
172,Lodja,CD,2020-11-04 05:22:39,-3.48,23.43,68.11,98,100,2.89
173,Gallup,US,2020-11-04 05:22:39,35.53,-108.74,42.8,56,1,4.23
174,Makakilo City,US,2020-11-04 05:22:39,21.35,-158.09,82.4,74,1,4.7
175,Sao Felix Do Xingu,BR,2020-11-04 05:22:39,-6.64,-51.99,70.66,96,74,1.3
176,Puerto Ayora,EC,2020-11-04 05:21:07,-0.74,-90.35,68.0,97,85,5.01
177,Koutsouras,GR,2020-11-04 05:22:39,35.03,25.95,69.01,67,92,15.01
178,Longyearbyen,SJ,2020-11-04 05:22:39,78.22,15.64,30.2,74,40,20.8
179,Stokmarknes,NO,2020-11-04 05:22:40,68.56,14.91,44.6,87,75,27.51
180,Severo-Kurilsk,RU,2020-11-04 05:22:40,50.68,156.12,40.64,75,57,13.56
181,Disna,BY,2020-11-04 05:22:40,55.57,28.2,42.03,96,32,3.38
182,Kozhevnikovo,RU,2020-11-04 05:22:41,56.26,83.97,28.0,88,99,11.63
183,Bathsheba,BB,2020-11-04 05:22:41,13.22,-59.52,80.6,74,40,16.11
184,Lere,NG,2020-11-04 05:22:41,10.39,8.57,68.74,43,77,4.83
185,Carberry,CA,2020-11-04 05:22:41,49.87,-99.36,32.0,61,5,8.05
186,Sitka,US,2020-11-04 05:22:41,57.05,-135.33,37.4,86,75,10.29
187,Samana,DO,2020-11-04 05:22:41,19.21,-69.34,76.14,86,100,3.42
188,Meulaboh,ID,2020-11-04 05:22:42,4.14,96.13,83.71,71,99,1.14
189,Rochegda,RU,2020-11-04 05:22:42,62.8,43.25,44.85,88,100,9.42
190,Hanmer Springs,NZ,2020-11-04 05:22:42,-42.52,172.82,61.68,75,87,5.37
191,Dingle,PH,2020-11-04 05:20:42,11.0,122.67,84.69,76,100,4.25
192,Husavik,IS,2020-11-04 05:22:42,66.04,-17.34,42.8,70,75,19.46
193,Jinchang,CN,2020-11-04 05:22:42,38.5,102.17,49.21,38,49,3.67
194,Ribeira Grande,PT,2020-11-04 05:22:42,38.52,-28.7,61.57,66,51,11.95
195,Aswan,EG,2020-11-04 05:22:43,24.09,32.91,65.88,44,0,8.21
196,Balkhash,KZ,2020-11-04 05:22:43,46.84,74.98,30.2,63,0,17.9
197,Carnarvon,AU,2020-11-04 05:22:43,-24.87,113.63,78.8,61,0,23.04
198,Luderitz,NA,2020-11-04 05:22:43,-26.65,15.16,59.58,91,21,6.73
199,Hare Bay,CA,2020-11-04 05:22:43,48.85,-54.01,33.8,92,90,17.22
200,Warmbad,NA,2020-11-04 05:21:09,-28.45,18.73,63.18,57,23,11.7
201,Zyryanka,RU,2020-11-04 05:22:43,65.75,150.85,-2.24,89,100,18.84
202,Ankola,IN,2020-11-04 05:20:07,14.67,74.3,87.57,57,12,5.59
203,Sokolo,ML,2020-11-04 05:22:45,14.73,-6.12,79.54,18,59,9.15
204,Yarmouth,US,2020-11-04 05:22:45,41.71,-70.23,41.0,51,1,4.7
205,Broome,US,2020-11-04 05:22:45,42.25,-75.83,32.0,97,1,4.7
206,Chuy,UY,2020-11-04 05:22:45,-33.7,-53.46,54.01,75,0,8.3
207,East London,ZA,2020-11-04 05:19:48,-33.02,27.91,66.2,93,75,8.05
208,Ulcinj,ME,2020-11-04 05:22:45,41.93,19.22,50.0,100,97,2.24
209,Newport,GB,2020-11-04 05:22:46,51.59,-3.0,37.0,89,0,6.4
210,Copiapo,CL,2020-11-04 05:21:52,-27.37,-70.33,57.2,76,32,6.93
211,Sudak,UA,2020-11-04 05:22:46,44.85,34.97,55.06,80,99,9.1
212,Port Blair,IN,2020-11-04 05:22:46,11.67,92.75,85.08,68,12,8.84
213,Singkawang,ID,2020-11-04 05:22:46,0.9,109.0,84.29,68,94,3.38
214,Ilulissat,GL,2020-11-04 05:22:46,69.22,-51.1,35.6,74,100,11.41
215,Katobu,ID,2020-11-04 05:22:46,-4.94,122.53,90.32,53,75,8.66
216,Iracoubo,GF,2020-11-04 05:22:47,5.48,-53.2,78.57,88,46,8.79
217,Alofi,NU,2020-11-04 05:22:47,-19.06,-169.92,77.0,78,20,19.46
218,Pitimbu,BR,2020-11-04 05:22:47,-7.47,-34.81,77.0,88,40,4.7
219,Arona,ES,2020-11-04 05:22:47,28.1,-16.68,69.8,73,20,23.04
220,Fengzhen,CN,2020-11-04 05:22:47,40.44,113.15,48.63,42,0,17.2
221,Itarema,BR,2020-11-04 05:22:47,-2.92,-39.92,79.07,81,85,8.81
222,Sarangani,PH,2020-11-04 05:22:47,5.4,125.46,83.93,71,49,7.14
223,Ahipara,NZ,2020-11-04 05:22:48,-35.17,173.17,66.7,76,100,12.21
224,Hay River,CA,2020-11-04 05:22:48,60.82,-115.8,17.6,78,94,5.82
225,Natal,BR,2020-11-04 05:18:57,-5.79,-35.21,78.8,83,75,6.93
226,Ambilobe,MG,2020-11-04 05:22:49,-13.2,49.05,84.18,44,4,5.73
227,Nantucket,US,2020-11-04 05:21:33,41.28,-70.1,39.0,60,1,6.93
228,Hit,IQ,2020-11-04 05:22:50,33.64,42.83,74.05,31,0,7.47
229,Iqaluit,CA,2020-11-04 05:22:50,63.75,-68.51,8.6,78,40,29.97
230,Flinders,AU,2020-11-04 05:22:51,-34.58,150.86,78.01,65,76,3.0
231,Berlevag,NO,2020-11-04 05:20:54,70.86,29.09,39.2,70,0,13.87
232,Waipawa,NZ,2020-11-04 05:22:51,-41.41,175.52,69.8,64,94,18.34
233,High Level,CA,2020-11-04 05:22:51,58.52,-117.14,15.8,92,90,8.05
234,Moses Lake,US,2020-11-04 05:17:53,47.13,-119.28,41.0,93,20,3.36
235,Shimoda,JP,2020-11-04 05:22:52,34.67,138.95,62.6,51,40,8.05
236,Vila Franca Do Campo,PT,2020-11-04 05:22:52,37.72,-25.43,59.0,67,75,8.05
237,Princeton,US,2020-11-04 05:22:52,25.54,-80.41,75.0,69,40,14.99
238,Adrar,MR,2020-11-04 05:19:43,20.5,-10.07,76.01,19,0,8.23
239,Hithadhoo,MV,2020-11-04 05:21:08,-0.6,73.08,83.48,72,98,7.54
240,Sultanpur,IN,2020-11-04 05:22:52,26.27,82.07,80.17,22,0,6.33
241,Avarua,CK,2020-11-04 05:22:52,-21.21,-159.78,75.2,78,99,9.17
242,Souillac,MU,2020-11-04 05:22:53,-20.52,57.52,77.0,53,75,16.11
243,Gabu,GW,2020-11-04 05:22:53,12.28,-14.22,75.42,89,34,4.18
244,Broken Hill,AU,2020-11-04 05:22:53,-31.95,141.43,80.6,36,100,10.29
245,Klaksvik,FO,2020-11-04 05:20:34,62.23,-6.59,44.6,81,91,17.22
246,Oistins,BB,2020-11-04 05:22:54,13.07,-59.53,80.6,74,40,17.22
247,Dikson,RU,2020-11-04 05:22:54,73.51,80.55,1.74,92,0,7.47
248,Guia De Isora,ES,2020-11-04 05:22:54,28.21,-16.78,69.8,73,20,23.04
249,Valea Crisului,RO,2020-11-04 05:22:54,45.92,25.77,44.01,82,71,2.53
250,Sorland,NO,2020-11-04 05:22:54,67.67,12.69,44.6,81,75,18.34
251,Rupert,US,2020-11-04 05:22:55,42.62,-113.68,44.6,52,1,4.07
252,Esperance,AU,2020-11-04 05:19:40,-33.87,121.9,60.8,63,75,17.22
253,Mogocha,RU,2020-11-04 05:22:55,53.73,119.77,25.41,76,58,2.24
254,Khatanga,RU,2020-11-04 05:19:32,71.97,102.5,-1.19,93,92,6.55
255,Dalhousie,IN,2020-11-04 05:22:55,32.53,75.98,63.52,29,0,6.2
256,Viedma,AR,2020-11-04 05:20:26,-40.81,-63.0,71.01,57,100,5.99
257,Matara,LK,2020-11-04 05:22:56,5.95,80.54,87.31,63,4,5.97
258,Araouane,ML,2020-11-04 05:21:06,18.9,-3.53,77.41,18,44,8.86
259,Sergiyevsk,RU,2020-11-04 05:22:56,53.94,51.16,38.52,76,0,4.34
260,Juegang,CN,2020-11-04 05:22:56,32.32,121.19,66.99,1,0,1.99
261,Bolshevik,BY,2020-11-04 05:22:56,54.01,27.57,44.6,100,90,6.71
262,Mezen,RU,2020-11-04 05:22:57,65.85,44.24,42.57,83,100,9.89
263,Smidovich,RU,2020-11-04 05:22:57,48.6,133.82,31.95,70,0,20.27
264,Billings,US,2020-11-04 05:20:05,45.78,-108.5,55.4,30,1,16.11
265,Moose Factory,CA,2020-11-04 05:22:57,51.26,-80.61,26.6,85,90,6.93
266,Ayia Marina,GR,2020-11-04 05:22:57,37.75,23.53,64.0,69,100,1.99
267,Komsomolskiy,UZ,2020-11-04 05:22:57,40.43,71.72,53.6,27,0,4.41
268,Touros,BR,2020-11-04 05:20:06,-5.2,-35.46,78.8,83,40,8.05
269,Marsabit,KE,2020-11-04 05:22:57,2.33,37.99,64.98,97,87,15.7
270,Cedar City,US,2020-11-04 05:22:57,37.68,-113.06,53.6,55,1,5.82
271,Kyshtovka,RU,2020-11-04 05:22:58,56.55,76.63,30.97,89,90,16.73
272,Oranjestad,AW,2020-11-04 05:20:25,12.52,-70.03,82.4,74,20,17.22
273,Sines,PT,2020-11-04 05:22:58,37.96,-8.87,55.42,75,0,12.8
274,Santa Catarina De Tepehuanes,MX,2020-11-04 05:22:58,25.35,-105.73,50.7,48,78,1.88
275,Abha,SA,2020-11-04 05:18:40,18.22,42.51,55.4,93,7,2.13
276,Brae,GB,2020-11-04 05:22:58,60.4,-1.35,46.4,81,85,25.28
277,Boddam,GB,2020-11-04 05:22:59,57.47,-1.78,46.99,81,40,12.75
278,Kemijarvi,FI,2020-11-04 05:22:59,66.71,27.43,34.05,91,80,10.45
279,Margate,GB,2020-11-04 05:22:59,51.38,1.39,51.01,66,0,9.4
280,Sorong,ID,2020-11-04 05:18:03,-0.88,131.25,81.55,83,96,10.87
281,Olafsvik,IS,2020-11-04 05:20:45,64.89,-23.71,46.49,95,100,24.83
282,Beringovskiy,RU,2020-11-04 05:20:32,63.05,179.32,25.63,90,74,10.22
283,Srednekolymsk,RU,2020-11-04 05:22:59,67.45,153.68,-2.97,86,45,12.28
284,Aklavik,CA,2020-11-04 05:23:00,68.22,-135.01,5.0,84,91,4.7
285,Panaba,MX,2020-11-04 05:23:00,21.28,-88.27,73.02,85,98,11.32
286,Gerash,IR,2020-11-04 05:23:00,27.67,54.14,66.2,32,0,1.81
287,Bundaberg,AU,2020-11-04 05:23:00,-24.85,152.35,80.6,42,75,12.75
288,Sakakah,SA,2020-11-04 05:23:00,29.97,40.21,64.4,72,0,5.28
289,Jiayuguan,CN,2020-11-04 05:23:01,39.82,98.3,47.93,41,6,4.54
290,Elko,US,2020-11-04 05:23:01,41.0,-115.5,48.0,41,1,4.52
291,La Rioja,ES,2020-11-04 05:23:01,42.25,-2.5,45.0,93,40,4.7
292,Cabo San Lucas,MX,2020-11-04 05:23:01,22.89,-109.91,77.0,79,0,5.97
293,Port Moresby,PG,2020-11-04 05:23:02,-9.44,147.18,87.8,62,40,11.41
294,Rawson,AR,2020-11-04 05:23:02,-43.3,-65.1,64.96,54,95,4.97
295,Gao,ML,2020-11-04 05:23:02,16.64,1.64,76.32,19,99,9.6
296,Hillcrest Heights,US,2020-11-04 05:19:09,38.83,-76.96,48.99,75,1,4.7
297,La Primavera,CO,2020-11-04 05:23:02,5.49,-70.41,75.49,91,31,4.97
298,Vestmanna,FO,2020-11-04 05:23:02,62.16,-7.17,44.6,81,87,17.22
299,Constitucion,CL,2020-11-04 05:20:56,-35.33,-72.42,54.0,67,10,10.31
300,Tasiilaq,GL,2020-11-04 05:23:03,65.61,-37.64,32.0,96,100,29.97
301,Cockburn Town,TC,2020-11-04 05:22:40,21.46,-71.14,82.11,77,100,15.37
302,Carballo,ES,2020-11-04 05:23:03,43.21,-8.69,46.0,95,68,0.96
303,Marawi,PH,2020-11-04 05:23:03,8.0,124.29,84.99,77,35,5.99
304,Valley City,US,2020-11-04 05:23:03,46.92,-98.0,46.4,52,1,13.87
305,Havoysund,NO,2020-11-04 05:20:33,71.0,24.66,41.0,65,0,13.87
306,Kourou,GF,2020-11-04 05:23:04,5.16,-52.65,77.0,100,90,7.81
307,Gravdal,NO,2020-11-04 05:23:04,68.12,13.5,44.6,81,75,18.34
308,Aksarka,RU,2020-11-04 05:23:04,66.56,67.8,33.17,99,100,9.19
309,Palatka,US,2020-11-04 05:23:04,29.65,-81.64,63.0,81,0,4.07
310,Mairana,BO,2020-11-04 05:23:05,-18.12,-63.93,54.46,55,0,3.2
311,Sibolga,ID,2020-11-04 05:23:05,1.74,98.78,84.58,63,100,2.28
312,Taoudenni,ML,2020-11-04 05:23:05,22.68,-3.98,72.37,21,0,5.99
313,Suntar,RU,2020-11-04 05:23:05,62.14,117.63,20.61,93,71,5.01
314,Alice Springs,AU,2020-11-04 05:20:26,-23.7,133.88,100.4,6,0,10.29
315,Russell,US,2020-11-04 05:23:05,32.35,-85.2,48.2,93,1,2.48
316,Opuwo,NA,2020-11-04 05:23:06,-18.06,13.84,65.75,32,0,1.41
317,Pochutla,MX,2020-11-04 05:23:06,15.74,-96.47,75.99,89,62,3.22
318,Westport,US,2020-11-04 05:21:03,41.14,-73.36,39.99,55,75,8.05
319,Muros,ES,2020-11-04 05:23:06,42.78,-9.06,43.0,94,13,7.92
320,Petropavlovsk-Kamchatskiy,RU,2020-11-04 05:23:06,53.05,158.65,50.0,31,17,15.66
321,Guerrero Negro,MX,2020-11-04 05:23:06,27.98,-114.06,68.58,79,8,9.82
322,Fastiv,UA,2020-11-04 05:23:07,50.08,29.92,46.0,100,90,2.98
323,Okhotsk,RU,2020-11-04 05:23:07,59.38,143.3,30.83,93,100,15.66
324,Zavyalovo,RU,2020-11-04 05:23:07,54.51,82.45,30.2,86,90,13.42
325,Gornyye Klyuchi,RU,2020-11-04 05:23:07,45.25,133.5,35.2,67,18,13.38
326,Necochea,AR,2020-11-04 05:23:07,-38.55,-58.74,57.99,80,99,14.0
327,Ustka,PL,2020-11-04 05:23:07,54.58,16.86,48.11,85,68,15.57
328,Danielskuil,ZA,2020-11-04 05:23:08,-28.19,23.54,69.26,41,100,15.93
329,Taltal,CL,2020-11-04 05:23:08,-25.4,-70.48,54.37,78,24,0.76
330,Sobolevo,RU,2020-11-04 05:23:08,54.43,31.9,40.32,93,52,6.4
331,Pangnirtung,CA,2020-11-04 05:23:08,66.15,-65.71,14.47,81,100,9.62
332,Salinopolis,BR,2020-11-04 05:22:49,-0.61,-47.36,79.57,84,90,8.12
333,Eureka,US,2020-11-04 05:23:09,40.8,-124.16,54.0,93,75,3.36
334,Vostok,RU,2020-11-04 05:23:09,46.49,135.88,21.96,83,26,15.01
335,Huicungo,PE,2020-11-04 05:23:09,-7.28,-76.8,69.28,94,100,1.95
336,Beni Mazar,EG,2020-11-04 05:23:09,28.5,30.8,63.52,68,0,2.66
337,Kyra,RU,2020-11-04 05:23:09,49.58,111.98,35.01,75,7,3.96
338,Mahibadhoo,MV,2020-11-04 05:23:09,3.78,72.97,83.59,65,95,2.21
339,Bousso,TD,2020-11-04 05:23:09,10.48,16.71,75.88,40,55,5.55
340,Indramayu,ID,2020-11-04 05:23:10,-6.33,108.32,87.48,59,79,10.92
341,Masindi,UG,2020-11-04 05:23:10,1.67,31.71,66.9,87,46,2.37
342,Belmonte,BR,2020-11-04 05:18:18,-15.86,-38.88,68.0,88,90,4.7
343,Tuatapere,NZ,2020-11-04 05:20:22,-46.13,167.68,63.0,77,43,11.01
344,Bhinga,IN,2020-11-04 05:23:10,27.72,81.93,75.78,32,0,6.53
345,Emilio Carranza,MX,2020-11-04 05:23:10,19.97,-96.61,69.78,76,45,8.28
346,Jining,CN,2020-11-04 05:23:11,35.41,116.58,64.4,27,46,12.41
347,San Patricio,US,2020-11-04 05:19:55,28.02,-97.52,59.0,93,20,3.36
348,Coahuayana,MX,2020-11-04 05:19:47,18.73,-103.68,75.02,66,0,3.11
349,Belaya Rechka,RU,2020-11-04 05:23:11,43.44,43.53,41.0,93,75,2.24
350,Nabire,ID,2020-11-04 05:19:02,-3.37,135.48,84.36,63,94,12.5
351,Pangkalanbuun,ID,2020-11-04 05:23:11,-2.68,111.62,87.57,68,83,2.33
352,Oparino,RU,2020-11-04 05:23:12,59.85,48.28,37.42,95,100,9.95
353,Kirovskiy,RU,2020-11-04 05:23:12,45.09,133.51,34.39,70,6,14.83
354,Hambantota,LK,2020-11-04 05:19:37,6.12,81.12,86.0,70,90,3.36
355,Tarpon Springs,US,2020-11-04 05:23:12,28.15,-82.76,63.0,72,1,4.7
356,Kathu,TH,2020-11-04 05:23:12,7.92,98.33,87.01,83,75,3.36
357,Libenge,CD,2020-11-04 05:23:12,3.65,18.63,72.14,94,96,1.41
358,Pimentel,PE,2020-11-04 05:23:12,-6.84,-79.93,61.54,90,8,8.77
359,Aracati,BR,2020-11-04 05:22:44,-4.56,-37.77,78.73,76,19,8.75
360,Arriaga,MX,2020-11-04 05:23:13,16.23,-93.9,73.62,64,77,14.14
361,Cap Malheureux,MU,2020-11-04 05:19:22,-19.98,57.61,77.0,55,46,8.99
362,College,US,2020-11-04 05:18:25,64.86,-147.8,-20.2,68,20,0.85
363,Tonantins,BR,2020-11-04 05:23:13,-2.87,-67.8,73.4,95,99,1.5
364,Kokkola,FI,2020-11-04 05:23:13,63.84,23.13,42.01,93,75,13.87
365,Grindavik,IS,2020-11-04 05:23:13,63.84,-22.43,46.4,100,90,26.4
366,Kutum,SD,2020-11-04 05:23:13,14.2,24.67,65.93,31,5,12.21
367,Kahului,US,2020-11-04 05:19:34,20.89,-156.47,82.4,74,40,17.22
368,Paciran,ID,2020-11-04 05:23:14,-6.88,112.38,88.39,60,56,7.96
369,Felipe Carrillo Puerto,MX,2020-11-04 05:23:14,19.58,-88.05,71.19,94,98,6.08
370,Mkushi,ZM,2020-11-04 05:23:14,-13.62,29.39,72.05,44,66,5.48
371,Maloy,NO,2020-11-04 05:22:08,61.94,5.11,44.6,81,100,11.41
372,Liku,ID,2020-11-04 05:23:15,-0.73,119.89,87.19,60,95,3.51
373,Waddan,LY,2020-11-04 05:23:16,29.16,16.14,56.91,70,0,5.91
374,Kloulklubed,PW,2020-11-04 05:23:16,7.04,134.26,86.0,70,90,6.93
375,Granadilla De Abona,ES,2020-11-04 05:23:16,28.12,-16.58,69.8,73,20,23.04
376,Guerrero,MX,2020-11-04 05:23:16,17.67,-100.0,64.27,61,0,1.54
377,Pringsewu,ID,2020-11-04 05:23:16,-5.36,104.97,86.88,65,100,3.27
378,Qasigiannguit,GL,2020-11-04 05:23:16,68.82,-51.19,35.6,74,99,11.41
379,Malanje,AO,2020-11-04 05:23:17,-9.54,16.34,66.09,97,88,3.6
380,Moree,AU,2020-11-04 05:23:17,-29.47,149.85,91.4,18,0,6.31
381,Kedrovyy,RU,2020-11-04 05:23:17,56.17,91.82,30.2,80,40,11.18
382,Neiafu,TO,2020-11-04 05:23:17,-18.65,-173.98,77.0,78,40,14.99
383,Mouila,GA,2020-11-04 05:23:17,-1.87,11.06,73.54,95,98,0.83
384,Rimbey,CA,2020-11-04 05:23:18,52.63,-114.24,53.6,37,89,9.17
385,Tilichiki,RU,2020-11-04 05:23:18,60.47,166.1,35.47,100,100,22.79
386,Tawang,IN,2020-11-04 05:19:07,27.58,91.87,59.99,36,15,8.68
387,Prainha,BR,2020-11-04 05:23:18,-1.8,-53.48,75.29,91,78,2.19
388,Jumla,NP,2020-11-04 05:23:18,29.27,82.18,60.21,29,0,4.32
389,Bar-Le-Duc,FR,2020-11-04 05:23:18,48.75,5.17,33.8,100,0,3.36
390,Santa Cruz Cabralia,BR,2020-11-04 05:23:18,-16.28,-39.02,68.0,88,90,5.82
391,Karatuzskoye,RU,2020-11-04 05:23:19,53.61,92.87,30.6,94,100,9.64
392,Blythe,US,2020-11-04 05:20:57,33.61,-114.6,69.01,25,1,4.7
393,Jiuquan,CN,2020-11-04 05:23:19,39.74,98.52,50.22,38,0,5.75
394,Bacolod,PH,2020-11-04 05:23:19,10.67,122.95,86.11,68,100,7.29
395,Bambous Virieux,MU,2020-11-04 05:23:19,-20.34,57.76,77.0,53,75,16.11
396,Kushima,JP,2020-11-04 05:23:19,31.46,131.23,60.8,41,0,4.7
397,Marica,BR,2020-11-04 05:20:43,-22.92,-42.82,66.2,88,75,3.36
398,Machali,CL,2020-11-04 05:23:20,-34.18,-70.67,58.98,62,19,2.53
399,Klyuchevskiy,RU,2020-11-04 05:23:20,53.53,119.45,24.55,75,95,1.34
400,Aksha,RU,2020-11-04 05:23:20,50.28,113.29,35.4,75,13,8.93
401,Kushiro,JP,2020-11-04 05:23:20,42.98,144.37,46.4,39,40,11.41
402,Dudinka,RU,2020-11-04 05:23:20,69.41,86.18,-9.4,83,0,4.47
403,Arman,RU,2020-11-04 05:23:20,59.7,150.17,32.99,92,97,4.47
404,Dallas,US,2020-11-04 05:20:17,32.77,-96.78,62.6,42,20,11.41
405,Boa Vista,BR,2020-11-04 05:23:21,2.82,-60.67,80.6,78,75,3.36
406,Lanzhou,CN,2020-11-04 05:23:21,36.06,103.79,46.4,39,0,4.47
407,Carbonia,IT,2020-11-04 05:23:21,39.17,8.52,55.4,87,40,2.24
408,Baoning,CN,2020-11-04 05:23:21,25.34,110.03,71.6,46,40,6.71
409,Yamada,JP,2020-11-04 05:23:21,39.47,141.95,50.92,49,23,15.66
410,Ko Samui,TH,2020-11-04 05:23:21,9.54,99.94,89.6,59,20,8.05
411,Karratha,AU,2020-11-04 05:23:22,-20.74,116.85,93.87,27,0,13.53
412,Coquimbo,CL,2020-11-04 05:21:41,-29.95,-71.34,53.6,93,90,4.7
413,Ternate,ID,2020-11-04 05:23:22,0.8,127.4,84.54,68,91,6.31
414,Pacific Grove,US,2020-11-04 05:19:15,36.62,-121.92,53.01,81,1,5.82
415,Beberibe,BR,2020-11-04 05:23:22,-4.18,-38.13,80.6,83,75,6.93
416,Tianpeng,CN,2020-11-04 05:23:22,30.99,103.94,66.99,1,83,2.98
417,Narsaq,GL,2020-11-04 05:23:23,60.92,-46.05,33.8,86,100,10.29
418,Shakawe,BW,2020-11-04 05:23:23,-18.37,21.85,67.37,77,71,5.19
419,Birao,CF,2020-11-04 05:23:23,10.28,22.79,74.17,40,52,3.15
420,Coffs Harbour,AU,2020-11-04 05:23:23,-30.3,153.13,72.0,56,7,10.29
421,Apatou,GF,2020-11-04 05:23:23,5.16,-54.35,73.22,97,88,1.74
422,Mgachi,RU,2020-11-04 05:23:23,51.05,142.27,29.03,91,100,13.44
423,Hammond,US,2020-11-04 05:23:23,41.58,-87.5,55.4,62,1,12.75
424,Tynda,RU,2020-11-04 05:23:24,55.17,124.72,14.79,90,90,5.86
425,Maua,BR,2020-11-04 05:22:57,-23.67,-46.46,57.2,82,75,4.7
426,Atambua,ID,2020-11-04 05:23:24,-9.11,124.89,89.4,43,78,2.15
427,Sola,VU,2020-11-04 05:20:33,-13.88,167.55,81.72,79,98,13.98
428,Kauhajoki,FI,2020-11-04 05:23:24,62.43,22.18,43.0,93,75,6.93
429,Pisco,PE,2020-11-04 05:20:26,-13.7,-76.22,62.6,82,0,2.24
430,West Wendover,US,2020-11-04 05:19:57,40.74,-114.07,48.2,39,1,2.53
431,Erenhot,CN,2020-11-04 05:19:57,43.65,111.98,46.35,45,0,18.97
432,Bonavista,CA,2020-11-04 05:23:25,48.65,-53.11,41.0,86,66,3.36
433,Getahovit,AM,2020-11-04 05:23:25,40.9,45.14,55.65,67,18,1.23
434,Poplar Bluff,US,2020-11-04 05:23:25,36.76,-90.39,51.8,71,1,4.7
435,Timra,SE,2020-11-04 05:23:25,62.49,17.33,30.2,100,0,2.24
436,Gadag,IN,2020-11-04 05:23:26,15.42,75.62,80.6,61,0,8.05
437,Bethanien,NA,2020-11-04 05:23:26,-26.5,17.16,64.33,40,0,1.63
438,Tzaneen,ZA,2020-11-04 05:23:26,-23.83,30.16,62.6,72,75,5.82
439,Venado,MX,2020-11-04 05:23:26,22.93,-101.08,50.18,85,58,7.27
440,Aloleng,PH,2020-11-04 05:23:26,16.13,119.78,84.99,72,98,8.21
441,Harvard,US,2020-11-04 05:23:26,42.42,-88.61,53.01,72,0,14.5
442,Tual,ID,2020-11-04 05:23:26,-5.67,132.75,81.32,79,100,13.04
443,Whitehorse,CA,2020-11-04 05:23:27,60.72,-135.05,1.4,77,75,2.24
444,Lavrentiya,RU,2020-11-04 05:23:27,65.58,-171.0,15.76,81,0,8.46
445,Luba,GQ,2020-11-04 05:23:27,3.46,8.55,73.4,100,40,3.36
446,Simi,SL,2020-11-04 05:23:27,9.57,-12.35,73.65,96,18,0.49
447,Byron Bay,AU,2020-11-04 05:23:00,-28.65,153.62,78.01,53,0,11.41
448,Pedernales,DO,2020-11-04 05:23:27,18.04,-71.74,77.27,76,100,3.06
449,Caraballeda,VE,2020-11-04 05:23:27,10.61,-66.85,80.6,78,40,1.12
450,Lokosovo,RU,2020-11-04 05:23:28,61.13,74.82,29.28,96,100,15.61
451,Xai-Xai,MZ,2020-11-04 05:23:28,-25.05,33.64,77.2,64,59,6.4
452,Vertientes,CU,2020-11-04 05:23:28,21.26,-78.15,73.4,100,75,6.93
453,Trapani,IT,2020-11-04 05:23:28,37.83,12.67,60.01,81,0,5.82
454,Leningradskiy,RU,2020-11-04 05:20:02,69.38,178.42,3.65,84,23,10.07
455,Santa Vitoria,BR,2020-11-04 05:23:28,-18.84,-50.12,68.05,42,0,5.55
456,Ust-Omchug,RU,2020-11-04 05:23:28,61.15,149.63,12.36,93,100,6.78
457,Qaqortoq,GL,2020-11-04 05:23:29,60.72,-46.03,33.8,86,100,10.29
458,Wilmington,US,2020-11-04 05:21:44,34.23,-77.94,44.6,87,1,1.72
459,Garissa,KE,2020-11-04 05:23:29,-0.45,39.64,79.95,66,34,11.95
460,Tooele,US,2020-11-04 05:23:29,40.53,-112.3,52.0,61,1,3.36
461,Tessalit,ML,2020-11-04 05:23:31,20.2,1.01,71.55,22,92,12.71
462,Rio Novo Do Sul,BR,2020-11-04 05:23:31,-20.86,-40.94,61.29,87,22,4.16
463,Mantua,IT,2020-11-04 05:23:31,45.17,10.78,52.0,93,81,3.13
464,Sembe,CG,2020-11-04 05:23:31,1.65,14.58,70.3,93,41,1.3
465,Piacabucu,BR,2020-11-04 05:23:31,-10.41,-36.43,76.28,86,29,9.17
466,Lompoc,US,2020-11-04 05:19:52,34.64,-120.46,57.2,93,90,6.82
467,Baltasi,RU,2020-11-04 05:23:31,56.35,50.21,35.38,86,40,6.08
468,Alekseyevsk,RU,2020-11-04 05:23:31,57.84,108.35,27.5,96,100,9.53
469,Adre,TD,2020-11-04 05:23:32,13.47,22.2,72.59,29,35,17.02
470,Novyy Urengoy,RU,2020-11-04 05:20:28,66.08,76.63,22.95,98,100,7.25
471,Angoche,MZ,2020-11-04 05:23:32,-16.23,39.91,80.08,69,38,8.86
472,Mount Gambier,AU,2020-11-04 05:23:32,-37.83,140.77,60.8,63,90,16.11
473,Cayenne,GF,2020-11-04 05:23:32,4.93,-52.33,77.0,100,90,8.1
474,Mossendjo,CG,2020-11-04 05:23:32,-2.95,12.73,70.3,99,100,1.07
475,Edd,ER,2020-11-04 05:23:32,13.93,41.69,85.23,37,0,10.09
476,Jaguariaiva,BR,2020-11-04 05:23:32,-24.25,-49.71,55.0,99,17,1.99
477,Nome,US,2020-11-04 05:22:40,64.5,-165.41,25.0,73,20,20.8
478,Innisfail,AU,2020-11-04 05:21:09,-17.53,146.03,82.0,35,28,5.99
479,Totskoye,RU,2020-11-04 05:23:33,52.52,52.76,42.04,66,16,7.18
480,Deputatskiy,RU,2020-11-04 05:20:10,69.3,139.9,-15.97,86,1,2.04
481,Kangaba,ML,2020-11-04 05:23:33,11.93,-8.42,75.04,42,45,0.74
482,Canutama,BR,2020-11-04 05:23:33,-6.53,-64.38,73.89,96,47,1.88
483,Tahoua,NE,2020-11-04 05:23:34,14.89,5.27,77.0,17,24,6.93
484,Jinka,ET,2020-11-04 05:20:18,5.65,36.65,67.1,75,0,3.78
485,Victor Harbor,AU,2020-11-04 05:23:34,-35.57,138.62,63.0,62,100,5.01
486,Belaya Gora,RU,2020-11-04 05:23:34,68.53,146.42,-16.73,80,0,4.12
487,Awbari,LY,2020-11-04 05:23:35,26.59,12.78,57.9,58,1,6.02
488,Szczytno,PL,2020-11-04 05:23:35,53.56,20.99,39.2,100,69,5.97
489,Kushmurun,KZ,2020-11-04 05:23:35,52.45,64.63,35.2,84,3,11.12
490,Banda Aceh,ID,2020-11-04 05:20:31,5.56,95.32,85.8,62,76,3.78
491,Guayaramerin,BO,2020-11-04 05:23:35,-10.84,-65.36,74.59,83,80,1.3
492,Praia Da Vitoria,PT,2020-11-04 05:23:36,38.73,-27.07,59.0,72,40,15.57
493,Mango,US,2020-11-04 05:19:41,27.98,-82.31,64.0,82,1,3.36
494,Ravar,IR,2020-11-04 05:23:36,31.27,56.81,70.47,19,0,2.01
495,Lindas,NO,2020-11-04 05:23:36,60.74,5.16,43.0,94,100,1.99
496,Mana,GF,2020-11-04 05:23:36,5.66,-53.78,78.08,89,79,7.72
497,Senanga,ZM,2020-11-04 05:23:36,-16.12,23.27,68.25,79,49,4.18
498,Hobyo,SO,2020-11-04 05:23:36,5.35,48.53,81.34,77,99,14.7
499,Amapa,BR,2020-11-04 05:23:37,1.0,-52.0,72.84,98,100,1.39
500,Ordynskoye,RU,2020-11-04 05:23:37,54.37,81.9,30.65,92,100,11.99
501,Emba,KZ,2020-11-04 05:23:37,48.83,58.14,46.76,53,0,12.68
502,San Juan,AR,2020-11-04 05:23:37,-31.54,-68.54,74.82,29,100,19.24
503,Hopelchen,MX,2020-11-04 05:23:37,19.77,-89.85,68.14,91,100,2.93
504,Nurota,UZ,2020-11-04 05:23:37,40.56,65.69,55.4,20,0,6.93
505,Avera,US,2020-11-04 05:23:37,33.19,-82.53,42.8,48,1,1.97
506,Argavand,AM,2020-11-04 05:23:37,40.06,44.09,51.8,93,4,1.12
507,Palpa,PE,2020-11-04 05:23:38,-14.53,-75.19,63.64,69,8,2.04
508,Ponta Do Sol,PT,2020-11-04 05:23:38,32.67,-17.1,62.6,72,75,20.8
509,Faanui,PF,2020-11-04 05:23:38,-16.48,-151.75,79.72,81,100,16.37
510,Krasnoselkup,RU,2020-11-04 05:23:38,65.7,82.47,8.92,95,100,6.71
511,Garachine,PA,2020-11-04 05:23:38,8.06,-78.36,77.0,82,65,12.73
512,Namibe,AO,2020-11-04 05:23:39,-15.2,12.15,67.86,69,0,6.87
513,Moron,AR,2020-11-04 05:23:40,-34.65,-58.62,64.99,72,57,1.99
514,Linxia,CN,2020-11-04 05:23:40,35.6,103.21,47.79,49,100,3.29
515,Vestmannaeyjar,IS,2020-11-04 05:23:40,63.44,-20.27,46.06,94,100,19.57
516,Kalmunai,LK,2020-11-04 05:23:40,7.42,81.82,87.42,58,4,4.32
517,Abaza,RU,2020-11-04 05:23:40,52.66,90.09,29.97,84,99,9.64
518,Yinchuan,CN,2020-11-04 05:23:41,38.47,106.27,54.91,32,1,2.17
519,Grants,US,2020-11-04 05:19:28,35.15,-107.85,51.8,43,40,3.36
520,Bulungu,CD,2020-11-04 05:23:41,-4.55,18.6,71.28,98,100,1.01
521,Wukari,NG,2020-11-04 05:23:41,7.85,9.78,73.67,76,100,2.53
522,Mehran,IR,2020-11-04 05:23:41,33.12,46.16,62.6,33,0,4.7
523,Isakly,RU,2020-11-04 05:23:41,54.13,51.53,38.77,75,0,4.61
524,Molokovo,RU,2020-11-04 05:23:42,58.17,36.76,43.81,93,100,7.34
525,Karacabey,TR,2020-11-04 05:23:42,40.22,28.4,53.6,81,75,6.93
526,Saint Anthony,US,2020-11-04 05:22:16,45.02,-93.22,57.2,50,1,4.7
527,Salinas,US,2020-11-04 05:22:12,36.68,-121.66,54.0,87,1,3.06
528,Mackay,AU,2020-11-04 05:21:39,-21.15,149.2,82.99,51,4,12.75
529,Clevelandia,BR,2020-11-04 05:23:43,-26.4,-52.47,50.25,90,0,4.07
